제품코드,설비,작업종료,등록자,툴설명,드릴 랏,브로큰 홀번호,드릴사용량,파손 형태,특이사항
A3E09F-SM,DRA67,2025-01-03T14:53:00,이소진,Ø0.75-10㎜(8) Union(S),2HFFMHJ011-054,N320,,일반 파손,2022.11.21 스핀들 교체 후 누적 6회 발생으로 설비 점검 요청
B3E0VD-SH,DRA50,2025-01-04T13:36:00,이소진,Ø0.45-6.5㎜(6.5) Union(S),FHKEX012-243,N316,,일반 파손,이전 발생 이력 23년이나 스핀들 교체 후 누적 9회 발생으로 설비 점검 예정
B3E040-SM,DRA21,2025-01-09T09:10:00,이승범,Ø0.75-10㎜(8) Union(S),3DFF911012-033,N578,,인버터 알람,"누적4회발생 , 스핀들 인버터 알람발생으로 설비점검 진행 (최근파손 24-12-22)"
A3E00T-SM,DRA39,2025-01-13T13:50:00,최슬민,Ø0.45-6.5㎜(6.5) Union(S),FHHXF012-066,N177,,일반 파손,스핀들 교체 후 첫 DRILL BROKNE 발생으로 정상가동
B3E056-SM,DRA75,2025-01-14T13:56:00,신홍진,Ø0.75-14㎜(8) Union(S),2JFFWM6012-622,F면 N311,,일반 파손,DRILL BROKEN 누적 4회로 인한 점검요청 바랍니다.
B3E040-SM,DRA07,2025-01-19T10:25:00,이승범,Ø0.75-10㎜(8) Union(S),FF912011-024,N808,808.0,일반 파손,스핀들 교체후 누적파손1회 발생으로 정상가동진행
B3E018-SM,DRA03,2025-01-19T18:21:00,이승범,Ø0.75-10㎜(8) Union(S),FF912011-010,N502,,일반 파손,스핀들 교체후 누적파손1회발생으로 정상가동진행
A4E426-SL,DRA136,2025-01-20T05:53:00,강찬희,Ø0.375-11㎜(5) Union(S),FHC2S012-051,196,574.0,일반 파손,
E3E007-SL,DRA125,2025-01-21T02:03:00,신홍진,Ø0.40-6.5㎜(6.5) Union(S),FFQU5011-024,B면 N307,,일반 파손,설비입고 후 누적파손 2회로 정상가동 진행
B3E040-SM,DRA07,2025-01-21T11:06:00,이승범,Ø0.75-10㎜(8) Union(S),FF912011-051,N1034,,일반 파손,"연속2회 DRILLBROKEN 발생 , 설비점검"
A3E00T-SM,DRA37,2025-01-25T02:25:00,서동호,Ø0.45-6.5㎜(6.5) Union(S),FHHXG013-110,351,,일반 파손,
A3E00T-SM,DRA37,2025-01-31T11:01:00,이영근,Ø0.45-6.5㎜(6.5) Union(S),FHKEX012-239,264,,일반 파손,DRILL BROKEN 누적 4회 발생으로 설비 점검 요청(직전 파손일 2025-01-25)
A3E09F-SM,DRA71,2025-02-01T14:40:00,이영근,Ø0.75-10㎜(8) Union(S),3BFF6FE011-069,170,,일반 파손,스핀들 교체 후 DRILL BROKEN 누적 2회 발생으로 정상가동
A3E00D-SM,DRA131,2025-02-05T01:40:00,이소진,Ø0.75-14㎜(8) Union(S),FGPC1011-112,N903,,일반 파손,이전 발생일 23년10월이며 누적2회발생으로 설비 정상 가동 진행
A3E00T-SM,DRA60,2025-02-09T18:44:00,이소진,Ø0.45-6.5㎜(6.5) Union(S),FHK5X011-181,N363,,일반 파손,스핀들 교체 후 누적2회 정상 가동 진행
A4E125-SL,DRA136,2025-02-12T13:12:00,박진영,Ø0.75-19㎜(5) Union(S),FHPPX012-107,321,321.0,일반 파손,
B3E0VD-SH,DRA104,2025-02-14T13:20:00,이승범,Ø0.45-6.5㎜(6.5) Union(S),FHEDD011-247,N273,,일반 파손,스핀들 교체후 누적1회파손발생 으로 정상가동
A3E09F-SM,DRA118,2025-02-14T13:20:00,이승범,Ø0.75-10㎜(8) Union(S),3DFF911012-016,N35,,일반 파손,"입고후 스핀들미교체 설비, 누적5회파손으로인한 설비점검요청"
A4E125-SL,DRA136,2025-02-15T06:03:00,김정선,Ø0.75-19㎜(5) Union(S),FHPPZ012-001,180,180.0,일반 파손,"DRILL BROKEN 3회, RUNOUT검사 요청"
A3E00T-SM,DRA120,2025-02-15T13:54:00,이승범,Ø0.45-6.5㎜(6.5) Union(S),FG9H5011-170,N35,,일반 파손,"설비 입고후 스핀들미교체 설비, 누적5회파손으로 설비점검요청"
A3E00T-SM,DRA64,2025-02-19T01:20:00,이승범,Ø0.45-6.5㎜(6.5) Union(S),FHK5Z011-131,N305,,일반 파손,"스핀들교체후 2회파손발생, 직전파손일 3개월이상으로 정상가동진행"
A3E09F-SM,DRA72,2025-02-20T23:19:00,이승범,Ø0.75-10㎜(8) Union(S),FF912011-043,N343,,일반 파손,스핀들교체후 첫 DRILLBROKEN 발생으로 정상가동 진행
A3E00T-SM,DRA60,2025-02-21T15:23:00,이소진,Ø0.45-6.5㎜(6.5) Union(S),FHPPR011-370,N269,,일반 파손,"누적3회, 이전 이력 25.02.09로 한달이내 2회 발생하여 점검 요청"
A3E09F-SM,DRA74,2025-02-21T18:12:00,이소진,Ø0.45-6.5㎜(6.5) Union(S),FHHXG013-137,N319,,일반 파손,설비 입고 후 스핀들 교체 이력 없으며 누적 7회 발생으로 설비 점검 요청
A3E09F-SM,DRA71,2025-02-22T11:02:00,이소진,Ø0.45-6.5㎜(6.5) Union(S),FHHXG012-104,N356,,일반 파손,"스핀들 교체 후 누적3회, 이전 이력 25.02.01로 한달이내 2회 발생하여 설비 점검 요청"
A3E09F-SM,DRA72,2025-02-23T01:34:00,김동현,Ø0.75-10㎜(8) Union(S),3DFF911012-041,358,,일반 파손,DRILLBROKEN 한달내 누적2회 발생(이전 발생 : 25.02.20)
A3E00T-SM,DRA58,2025-02-23T03:46:00,김동현,Ø0.45-6.5㎜(6.5) Union(S),FHMUZ012-287,1,,일반 파손,스핀들 교체 이후 첫 DRILLBROKEN 발생으로 정상진행
B3E018-SM,DRA87,2025-02-24T01:07:00,김동현,Ø0.75-10㎜(8) Union(S),FGBWK012-010,"1,010.00",,일반 파손,스핀들 교체 이후 DRILLBROKEN 누적4회 발생
B3E0VD-SH,DRA37,2025-02-28T16:27:00,김동현,Ø0.45-6.5㎜(6.5) Union(S),FHMUZ012-261,261,,일반 파손,스핀들 교체일 이후 첫 DRILLBROKEN 발생
A3E00T-SM,DRA58,2025-03-04T01:01:00,이승범,Ø0.45-6.5㎜(6.5) Union(S),FHPPR012-431,N1,,일반 파손,"한달간 DRILLBROKEN2회발생, 레벨 및 직각도 점검진행"
A3E0PJ-SM,DRA109,2025-03-04T12:57:00,이소진,Ø0.75-14㎜(8) Union(S),2JFFWM6012-619,N292,,일반 파손,1회 발생 설비지만 3월 한달 DRILL BROKEN 관리 월로 지정되어 설비 점검 진행
A3E0PJ-SM,DRA111,2025-03-04T18:18:00,이소진,Ø0.75-14㎜(8) Union(S),FGPC3011-173,N486,,일반 파손,DRILL BROKEN 설비 점검 진행
A3E00T-SM,DRA58,2025-03-06T01:15:00,이영근,Ø0.45-6.5㎜(6.5) Union(S),FHMUZ012-268,F면 N1,,일반 파손,"DRILL BROKEN 주 2회 발생(2025-03-04, 2025-03-06)"
A3E00T-SM,DRA48,2025-03-06T21:18:00,김동현,Ø0.45-6.5㎜(6.5) Union(S),FHPX1011-041,106,,일반 파손,"스핀들 교체일 이후 첫 DRILLBROKEN 발생, 설비점검 진행"
A3E0PJ-SM,DRA111,2025-03-07T01:56:00,김동현,Ø0.75-14㎜(8) Union(S),2KFFWPK012-577,687,,일반 파손,DRILLBROKEN 연속 2회 발생으로 설비점검 요청
A4E001-SM,DRA106,2025-03-07T04:28:00,윤은빈,Ø0.75-14㎜(8) Union(S),2KFFWPK012-582,839,,일반 파손,설비 입고 후 DRILLBROKEN 첫발생
B3E147-SH,DRA48,2025-03-10T15:40:00,이승범,Ø0.45-6.5㎜(6.5) Union(S),FHPPR011-384,N269,,일반 파손,"스핀들교체후 누적2회파손 발생 최근파손 : 25.03.06  레벨,직각도 설비점검요청"
A4E001-SM,DRA106,2025-03-13T13:56:00,윤은빈,Ø0.75-14㎜(8) Union(S),FG08R011-032,283,,일반 파손,한달내 DRILLBROKEN 2회발생(최근이력 : 25.03.07)
B3E056-SM,DRA90,2025-03-14T05:42:00,서동호,Ø0.75-14㎜(8) Union(S),3DFGBFA011-208,305,,일반 파손,
A3E00T-SM,DRA50,2025-03-14T10:36:00,윤은빈,Ø0.45-6.5㎜(6.5) Union(S),FG9H5011-165,확인 불가,,일반 파손,"스핀들 교체 후 DRILL BROKEN 첫발생, DRILLBROKEN 이후 드릴 일부 잔존으로 브로큰 홀 번호 확인 불가"
B3E056-SM,DRA75,2025-03-15T09:06:00,윤은빈,Ø0.75-14㎜(8) Union(S),3DFF916012-103,270,270.0,일반 파손,스핀들 교체후 DRILL BROKEN 첫 발생
A4E001-SM,DRA121,2025-03-16T00:30:00,이영근,Ø0.75-14㎜(8) Union(S),FHPX9012-328,F면 N555,,일반 파손,DRILL BROKEN 발생으로 인한 점검 요청(직전 파손일 2024-06-29)
A3E00D-SM,DRA24,2025-03-26T04:10:00,이소진,Ø0.75-14㎜(8) Union(S),FHPX9012-341,N310,310.0,일반 파손,
A4E001-SM,DRA55,2025-03-26T06:22:00,이소진,Ø0.75-14㎜(4)？월디아(I),A031-00122,N816,816.0,인버터 알람,스핀들 인버터 알람 발생으로 DRILL BROKEN 발생
A3E00D-SM,DRA80,2025-03-27T13:28:00,김동현,Ø0.75-14㎜(8) Union(S),FHP61011-268,256,,일반 파손,DRILLBROKEN 홀터짐 형상 발생
A3E00T-SM,DRA64,2025-03-27T15:44:00,윤은빈,Ø0.45-6.5㎜(6.5) Union(S),FHK5Z011-127,188,,일반 파손,3월 첫 DRILL BROKEN발생
B3E040-SM,DRA71,2025-03-29T02:49:00,이영근,Ø0.75-10㎜(8) Union(S),FGBWK011-064,F면 N918,,일반 파손,"DRILL BROKEN 누적 4회 발생으로 설비 점검 요청(2023-11-19, 2025-02-01,2025-02-22,2025-03-29)"
B3E040-SM,DRA02,2025-03-29T14:44:00,이소진,Ø0.75-10㎜(8) Union(S),FGBWK011-002,N599,,인버터 알람,"27일 교체 직후 첫 양산 소재 DRILL BROKEN 발생, 스핀들 인버터 알람 점등"
B3E015-SM,DRA62,2025-04-03T03:40:00,윤은빈,Ø0.75-10㎜(8) Union(S),2IFFS3Q012-070,585,,일반 파손,"스핀들 교체 후 DRILL BROKEN 첫발생, CENTERDRILL 미적용 P/G 사용"
E3E007-SL,DRA94,2025-04-03T06:10:00,윤은빈,Ø0.40-6.5㎜(6.5) Union(S),FFQU8011-188,603,,일반 파손,4월 DRILL BROKEN 첫발생
A4E001-SM,DRA124,2025-04-07T04:44:00,이소진,Ø0.75-14㎜(8) Union(S),FGRK9011-071,N512,,일반 파손,F면 DRILL BROKEN 발생 위치 B면 홀 터짐 발생으로 B면 C/P발생
B3E202-SM,DRA136,2025-04-09T05:00:00,김태석,Ø0.75-19㎜(5) Union(S),2FFFJLP011-042,140,,일반 파손,상면2차 0.75X19MM 9회사용중 파손.
A4E011-SM,DRA136,2025-04-11T12:55:00,김정선,Ø0.75-14㎜(8) Union(S),FG08Q011-070,47,,일반 파손,4월9일 스핀들교체 후 첫제품 파손으로 설비점검 요청
A4E011-SM,DRA135,2025-04-13T02:55:00,강찬희,Ø0.75-14㎜(8) Union(S),FG8S1011-094,756,,일반 파손,
B3E040-SM,DRA98,2025-04-15T10:46:00,이영근,Ø0.75-10㎜(8) Union(S),2EFFGAF012-111,F면 N988,,일반 파손,DRILL BROKEN 누적 16회 발생 설비 점검 요청
A4E001-SM,DRA76,2025-04-16T22:33:00,서동호,Ø0.75-14㎜(8) Union(S),FHP61011-262,581,,일반 파손,
B3E015-SM,DRA02,2025-04-17T13:49:00,김동현,Ø0.75-10㎜(8) Union(S),2EFFGAG015-031,925,,일반 파손,스핀들 교체 후 DRILLBROKEN 첫 발생(교체일 : 25.03.27)
A4E606-SL,DRA138,2025-04-18T14:52:00,김성진,센터드릴 (MONO Dia) MTS,06M50214Z1-009,218,217.0,일반 파손,0.375-11.5MM TMAC 무전산 드릴 사용
A3E0PJ-SM,DRA110,2025-04-19T03:47:00,서동호,Ø0.45-6.5㎜(6.5) Union(S),FG3HR012-137,712,,일반 파손,
B3E040-SM,DRA59,2025-04-19T13:53:00,윤은빈,Ø0.75-10㎜(8) Union(S),1EFEAFE011-465,569,,일반 파손,스핀들 교체후 첫DRILL BROKEN
A4E001-SM,DRA23,2025-04-20T02:48:00,이영근,Ø0.75-14㎜(8) Union(S),FHMU7011-196,F면 N665,,일반 파손,설비 입고 후 DRILL BROKEN 1회 발생(2025-04-20) 정상 가동
A4E001-SM,DRA36,2025-04-22T22:46:00,이승범,Ø0.75-14㎜(4)？월디아(I),A033-00290,F면 N635,,일반 파손,스핀들교체 후 누적1회 드릴파손발생 (스핀들교체일 23.07.07)
B3E018-SM,DRA60,2025-04-22T23:36:00,이승범,Ø0.75-10㎜(8) Union(S),FGFSF011-116,F면  N841,,일반 파손,누적4회 DRILLBROKEN 발생
B3E040-SM,DRA54,2025-04-24T03:33:00,윤은빈,Ø0.75-10㎜(8) Union(S),3BFF6FE012-086,"1,070.00",,일반 파손,스핀들교체 후 DRILL BROKEN 2회발생
A3E00D-SM,DRA104,2025-04-30T02:17:00,서동호,Ø0.75-14㎜(8) Union(S),FHMU7011-195,665,,일반 파손,
B3E040-SM,DRA73,2025-04-30T22:49:00,이소진,Ø0.75-10㎜(8) Union(S),3BFF6FE012-085,N651,,일반 파손,
A4E001-SM,DRA87,2025-05-03T22:22:00,이영근,Ø0.75-14㎜(8) Union(S),FHMU7011-186,F면 N178,,일반 파손,스핀들 교체 이후 DRILLBROKEN 누적5회 발생
B3E040-SM,DRA74,2025-05-05T21:33:00,김동현,Ø0.75-10㎜(8) Union(S),FGBWL011-049,"1,080.00",,일반 파손,스핀들 교체후 DRILLBROKEN 1회 발생 (25.03.05)
A3E00T-SM,DRA78,2025-05-09T10:32:00,이승범,Ø0.45-6.5㎜(6.5) Union(S),FHPX3012-025,B면 N313,,일반 파손,누적3회  DRILLBROKEN 발생
A3E00D-SM,DRA112,2025-05-09T22:54:00,이소진,Ø0.75*14mm(원판 변경),FH1TK011-001,N741,,일반 파손,유니온 PCN DRILL 사용
A3E00D-SM,DRA55,2025-05-11T03:28:00,이소진,Ø0.75*14mm(원판 변경),FH1TJ011-001,N136,,일반 파손,유니온 PCN DRILL 사용/ 스핀들 교체 한달이내 DRILL BROKEN 발생
A3E040-SM,DRA138,2025-05-13T14:10:00,강찬희,Ø0.75-14㎜(8) Union(S),FHPX9012-348,606,,일반 파손,
A3E00D-SM,DRA103,2025-05-14T03:04:00,서동호,Ø0.75*14mm(원판 변경),FH1TK011-002,931,,일반 파손,
A3E00D-SM,DRA95,2025-05-14T11:27:00,김동현,Ø0.75*14mm(원판 변경),FH1TH011-002,363,,일반 파손,"스핀들 교체 후 첫 DRILLBROKEN 발생, 0.75-14 유니온 PCN DRILL 사용"
A3E0PJ-SM,DRA71,2025-05-18T22:38:00,김동현,Ø0.75-14㎜(4)？월디아(I),A033-00261,706,,일반 파손,"스핀들 교체 후 DRILLBROKEN 첫발생(교체이력 : 25-04-24), 0.75-14 월디아 드릴 파손"
B3E015-SM,DRA45,2025-05-20T03:33:00,김동현,Ø0.75-10㎜(8) Union(S),FGBWL011-089,457,,일반 파손,스핀들 교체후 첫 DRILLBROKEN 발생
B3E018-SM,DRA86,2025-05-20T15:53:00,서동호,Ø0.75-10㎜(8) Union(S),FGFSH015-226,551,,일반 파손,
A4E001-SM,DRA133,2025-05-21T16:08:00,서동호,Ø0.75-14㎜(4)？월디아(I),A032-00202,1,,일반 파손,
A3E0PJ-SM,DRA71,2025-05-21T21:23:00,이승범,Ø0.75-14㎜(4)？월디아(I),A062-00517,N705,705.0,일반 파손,스핀들교체 후 누적2회 발생 최근파손일 25.05.18  연속 2회 DRILLBROKEN발생
B3E018-SM,DRA75,2025-05-23T10:28:00,김동현,Ø0.75-10㎜(8) Union(S),FGBWL011-047,699,,일반 파손,스피들 교체 후 첫 DRILLBROKEN 발생(25.05.09)
A4E423-SL,DRA136,2025-06-04T14:53:00,강찬희,Ø0.475-7㎜(7) Union(S),FHAJ2012-047,"1,391.00",,일반 파손,
A3E120-SL,DRA138,2025-06-04T21:17:00,김정선,Ø0.75-24㎜(8) Union(S),FH4WR011-140,627,627.0,일반 파손,"DRILL BROKEN 8회, 설비점검 요청."
A3E00T-SM,DRA50,2025-06-08T09:34:00,이소진,Ø0.45-6.5㎜(6.5) Union(S),FHV0E011-046,N213,,일반 파손,
A3E00T-SM,DRA64,2025-06-13T02:07:00,김동현,Ø0.45-6.5㎜(6.5) Union(S),FHPX3013-039,257,,일반 파손,스핀들 교체 후 첫 DRILLBROKEN 발생(교체 이력 : 24.05.29)
A4E629-SL,DRA137,2025-06-13T08:35:00,김태석,0.275D*11(5L),FH6GQ011-019,149,149.0,일반 파손,0.275X11.5MM 새드릴사용중파손
A4E001-SM,DRA81,2025-06-13T10:43:00,이영근,Ø0.75-14㎜(8) Union(S),FHPX6011-355,F면  N727,,일반 파손,스핀들 교체후 DRILL BROKEN 1회 발생
A3E00T-SM,DRA60,2025-06-15T05:57:00,이소진,Ø0.45-6.5㎜(6.5) Union(S),FHV0E011-049,N185,,일반 파손,스핀들 교체 후 첫 DRILL BROKNE 발생
A4E223-SL,DRA138,2025-06-20T21:14:00,김태석,Ø0.45-11.5㎜(6.5) Union(S),FHUKR011-194,521,,일반 파손,0.45X11.5MM 3회사용중 파손
B3E0VD-SH,DRA65,2025-06-22T18:52:00,이승범,Ø0.45-6.5㎜(6.5) Union(S),FHWDV011-263,N239,,일반 파손,스핀들교체 후 첫 DRILLBROKEN 발생
B3E015-SM,DRA62,2025-06-26T10:31:00,이영근,Ø0.75-10㎜(8) Union(S),FGFSH015-216,F면 N942,,일반 파손,DRILL BROKEN 누적2회 발생으로 설비 점검
A4E067-SL,DRA135,2025-06-29T22:08:00,김정선,Ø0.45-6.5㎜(6.5) Union(S),FHV0D011-066,905,,일반 파손,0.45-6.5MM UNION DRILL - 7회 사용 중 파손
A3E00S-SH,DRA102,2025-06-30T11:21:00,김동현,Ø0.45-6.5㎜(6.5) Union(S),FHWDU011-241,844,,일반 파손,DRILLBROKEN 누적 2회 발생(직전 발생일 : 24.11.10))
B3E0VD-SH,DRA54,2025-06-30T18:57:00,김동현,Ø0.45-6.5㎜(6.5) Union(S),FHWDS011-018,280,,일반 파손,DRILLBROKEN 누적 2회 발생(이전 발생일 : 25.05.24)
B3E015-SM,DRA86,2025-07-01T18:56:00,김동현,Ø0.75-10㎜(8) Union(S),2FFFHE8012-020,"1,052.00",,일반 파손,DRILLBROKEN 누적 4회 발생(이전이력 : 25.05.20)
A3E00D-SM,DRA127,2025-07-04T09:05:00,서동호,Ø0.75-14㎜(4)？월디아(I),A172-01413,506,,일반 파손,
A3E09F-SM,DRA47,2025-07-10T11:27:00,신홍진,Ø0.75-10㎜(5)？월디아(I),A041-42477,294,658.0,일반 파손,스핀들 교체 후 드릴브로큰 1회 발생
A3E00D-SM,DRA103,2025-07-12T05:30:00,서동호,Ø0.75-14㎜(8) Union(S),FHMU7019-232,711,,일반 파손,
A3E00T-SM,DRA65,2025-07-16T05:39:00,김동명,Ø0.45-6.5㎜(6.5) Union(S),FH0M9011-034,303,,일반 파손,스핀들 교체 후 DRILL BROKEN 누적 2회 발생
A3E0PJ-SM,DRA70,2025-07-19T01:31:00,김동현,Ø0.75-14㎜(4)？월디아(I),A172-01432,598,,일반 파손,"DRILLBROKEN 누적3회 발생(이전 이력 : 24.11.01), 드릴 접합부 파손"
E3E007-SL,DRA113,2025-07-21T11:33:00,김동명,Ø0.40-6.5㎜(6.5) Union(S),FGFR8011-133,85,85.0,일반 파손,스핀들 교체 후 DRILL BROKEN 1회 발생
B3E0VD-SH,DRA54,2025-07-24T16:39:00,김동현,Ø0.45-6.5㎜(6.5) Union(S),FH0M9012-056,335,,일반 파손,DRILLBROKEN 누적3회 발생(이전 이력 : 24.06.30)
B3E040-SM,DRA100,2025-07-28T04:05:00,서동호,Ø0.75-10㎜(8) Union(S),FGFSH011-243,984,,일반 파손,
A3E09F-SM,DRA62,2025-07-28T20:32:00,신홍진,Ø0.45-6.5㎜(6.5) Union(S),FHYGF011-039,B면 300HOLE,,일반 파손,스핀들 교체 후 첫 드릴브로큰 발생
A3E00T-SM,DRA08,2025-07-30T20:59:00,김동현,Ø0.45-6.5㎜(6.5) Union(S),FHYGF011-054,115,,일반 파손,스핀들 교체 후 첫 DRILLBROKEN 발생
A3E00T-SM,DRA55,2025-07-31T01:50:00,신홍진,Ø0.45-6.5㎜(6.5) Union(S),FHWDS011-086,B면 324HOLE,,일반 파손,스핀들 교체 후 누적2회 DRILL BROKEN 발생
B3E147-SH,DRA78,2025-07-31T09:37:00,김동명,Ø0.45-6.5㎜(6.5) Union(S),FHWDU011-207,339,,일반 파손,스핀들 교체 후 첫 DRILL BROKEN 발생
B3E147-SH,DRA106,2025-08-06T04:55:00,이영근,Ø0.45-6.5㎜(6.5) Union(S),FHWDS019-090,B면 N310,,일반 파손,스핀들 교체 후 첫 DRILL BROKEN
E3E007-SL,DRA86,2025-08-13T21:41:00,이승범,Ø0.40-6.5㎜(3)？월디아(I),A082-46224,B면 N996,,일반 파손,스핀들교체 후 첫 DRILLBROKEN  발생
A3E00T-SM,DRA36,2025-08-14T01:31:00,윤은빈,Ø0.45-6.5㎜(6.5) Union(S),FHYGF011-048,1,,일반 파손,스핀들 교체 후 첫 DRILL BROKEN
E3E009-SL,DRA66,2025-08-14T20:39:00,서동호,Ø0.475-7㎜(7) Union(S),FHD6A011-028,14,,일반 파손,
A4E001-SM,DRA10,2025-08-15T22:23:00,서동호,Ø0.75-14㎜(8) Union(S),FHSG7011-018,811,,일반 파손,
A4E001-SM,DRA14,2025-08-20T04:41:00,이영근,Ø0.75-14㎜(8) Union(S),FHPX6011-361,F면 N925,,일반 파손,스핀들 교체후 첫 DRILL BROKEN 발생
A4E001-SM,DRA15,2025-08-21T04:02:00,이영근,Ø0.45-7㎜(3)？월디아(I),A222-45545,B N1 F N1,,일반 파손,스핀들 교체 후 첫 DRILL BROKEN 발생
A3E00D-SM,DRA89,2025-08-26T21:01:00,서동호,Ø0.75-14㎜(8) Union(S),FHMU7019-230,320,,일반 파손,
A3E0PJ-SM,DRA73,2025-09-02T09:31:00,서동호,Ø0.75-14㎜(4)？월디아(I),A063-00506,670,,일반 파손,
A3E0PJ-SM,DRA59,2025-09-03T02:35:00,김동현,Ø0.75-14㎜(4)？월디아(I),A062-00583,699,,일반 파손,스핀들 교체 후 첫 DRILLBROKEN 발생
A3E0PJ-SM,DRA67,2025-09-04T09:22:00,이영근,Ø0.75-14㎜(4)？월디아(I),A171-01570,F면 N599,,일반 파손,DRILL BROKEN 발생으로 설비 점검
A3E0PJ-SM,DRA74,2025-09-04T17:25:00,김동명,Ø0.75-14㎜(4)？월디아(I),A171-01586,N596,,일반 파손,스핀들 교체 후 DRILL BROKEN 누적 2회 발생
A3E09F-SM,DRA47,2025-09-09T03:41:00,서동호,Ø0.75-10㎜(5)？월디아(I),A191-45698,241,,일반 파손,
A3E00T-SM,DRA88,2025-09-14T06:08:00,이영근,Ø0.45-7㎜(3)？월디아(I),A231-46148,B면 N217,,일반 파손,DRILL BROKEN 발생으로 설비 점검
A4E067-SL,DRA81,2025-09-22T03:54:00,이승범,Ø0.45-6.5㎜(6.5) Union(S),FH2G0011-165,N615,,일반 파손,스핀들교체 후 DRILL BROKEN 2회발생
A4E067-SL,DRA86,2025-09-22T08:45:00,김동현,Ø0.45-6.5㎜(6.5) Union(S),FH3WB012-035,658,,일반 파손,DRILLBROKEN 누적1회 발생
A3E00T-SM,DRA56,2025-10-01T01:16:00,서동호,Ø0.45-6.5㎜(6.5) Union(S),FHYGF011-081,364,,일반 파손,
B3E0VD-SH,DRA55,2025-10-01T03:22:00,서동호,Ø0.45-6.5㎜(6.5) Union(S),FH2G0011-198,214,,일반 파손,
A3E00T-SM,DRA64,2025-10-02T10:36:00,신홍진,Ø0.45-6.5㎜(6.5) Union(S),FH2G0011-172,F면 N311,,일반 파손,DRILL BROKEN으로 누적 파손 횟수 2회로 인한 점검대기
A4E067-SL,DRA79,2025-10-02T13:11:00,김동현,Ø0.45-6.5㎜(6.5) Union(S),FHYGF011-071,526,,일반 파손,스핀들 교체 후 DRILLBROKEN 첫 발생
A3E00T-SM,DRA81,2025-10-02T19:01:00,김동현,Ø0.45-6.5㎜(6.5) Union(S),FH5VJ011-075,321,,일반 파손,DRILLBROKEN 누적 2회 발생
A4E067-SL,DRA100,2025-10-03T11:41:00,신홍진,Ø0.45-6.5㎜(6.5) Union(S),FH5VJ011-070,B면 N909,,일반 파손,드릴 브로큰 발생으로 인한 점검요청
A3E09G-SM,DRA118,2025-10-04T10:49:00,신홍진,Ø0.75-10㎜(5)？월디아(I),A263-47415,F면 N276,,일반 파손,DRILL BROKEN 발생으로 인한 점검대기
A3E09F-SM,DRA125,2025-10-12T11:55:00,김동현,Ø0.75-10㎜(5)？월디아(I),A394-53375,8,,일반 파손,"N1~N8 HOLE 중복 가공으로 인한 브로큰 발생, 정상가동 진행"
A4E067-SL,DRA66,2025-10-13T18:43:00,김동명,Ø0.75-19㎜(5)？월디아(I),A435-03602,N886,,인버터 알람,스핀들 인버터 알람으로 인한 DRILL BROKEN
A3E09F-SM,DRA47,2025-10-28T09:44:00,김동현,Ø0.75-10㎜(5)？월디아(I),A263-47470,273,,일반 파손,DRILLBROKEN 1회 발생
A3E00T-SM,DRA55,2025-10-29T18:36:00,김동현,Ø0.45-7㎜(3)？월디아(I),A451-50457,282,,일반 파손,가공중 엔코더 하드웨어 고장으로 인한 DRILLBROKEN 발생
A4E007-SM,DRA100,2025-11-01T13:51:00,서동호,Ø0.45-7㎜(3)？월디아(I),A351-48003,23,,일반 파손,
E3E007-SL,DRA62,2025-11-03T15:07:00,이영근,Ø0.40-6.5㎜(3)？월디아(I),A401-48985,N508,,일반 파손,DRILL BROKEN 발생으로 설비 점검 요청
A3E00T-SM,DRA53,2025-11-07T22:34:00,서동호,Ø0.45-7㎜(3)？월디아(I),A445-51840,302,,일반 파손,
A3E09F-SM,DRA47,2025-11-08T20:22:00,서동호,Ø0.75-10㎜(5)？월디아(I),A263-47437,69,,일반 파손,
A3E00S-SH,DRA33,2025-11-11T18:54:00,서동호,Ø0.45-7㎜(3)？월디아(I),A452-54369,203,,일반 파손,
A4E067-SL,DRA79,2025-11-12T02:06:00,이영근,Ø0.45-7㎜(3)？월디아(I),A445-51828,296,,일반 파손,DRILL BROKEN 발생으로 설비 점검 요청
E3E007-SL,DRA124,2025-11-13T14:18:00,서동호,Ø0.40-6.5㎜(3)？월디아(I),A503-52603,722,,일반 파손,
E3E00B-SL,DRA82,2025-11-15T20:47:00,김동현,Ø0.40-6.5㎜(3)？월디아(I),A503-52607,61,,일반 파손,DRILLBROKEN 1회 발생
A3E00D-SM,DRA100,2025-11-16T20:51:00,김동현,Ø0.45-7㎜(3)？월디아(I),A343-48434,13,,일반 파손,DRILLBROKEN 2회 발생
A4E001-SM,DRA96,2025-11-19T10:31:00,김동현,Ø0.75-14㎜(4)？월디아(I),A261-03081,712,,일반 파손,DRILLBROKEN 1회 발생
E3E009-SL,DRA53,2025-11-19T16:27:00,김동현,Ø0.475-7㎜(3)？월디아(I),A212-45068,N268,,일반 파손,F면 N268 재작업 첫 홀 DRILLBROKEN
E3E011-SL,DRA109,2025-11-20T16:07:00,김동현,Ø0.475-7㎜(3)？월디아(I),A212-45110,130,,노즐 막힘,"DRILLBROKEN 1회 발생, 절삭유 미 토출 상태로 가공"
A3E0PJ-SM,DRA114,2025-11-26T02:41:00,신홍진,Ø0.75-14㎜(4)？월디아(I),A383-04187,F면 N158,,일반 파손,스핀들 교체 후 드릴브로큰 최초발생으로 인한 점검요청
E3E007-SL,DRA48,2025-11-26T04:32:00,신홍진,Ø0.40-6.5㎜(3)？월디아(I),A401-48973,Ｂ면　Ｎ６２７,9679.0,일반 파손,스핀들　교체후　첫　드릴브로큰　발생
A3E00D-SM,DRA95,2025-11-27T09:24:00,이영근,Ø0.75-14㎜(4)？월디아(I),A393-04312,N124,,노즐 막힘,노즐 막힘으로 절삭유 미토출 DRILL BROKEN 발생
A3E00D-SM,DRA73,2025-11-29T10:42:00,이영근,Ø0.75-14㎜(4)？월디아(I),A393-04317,F면 N747,,인버터 알람,스핀들 인버터 알람 발생으로 인한 DRILL BROKEN 발생
A3E00D-SM,DRA132,2025-12-04T10:25:00,김동현,Ø0.75-14㎜(4)？월디아(I),A531-04931,672,,노즐 막힘,설비 조작으로 인한 절삭유 미토출 가공으로 DRILLBROKEN 발생
A3E00D-SM,DRA131,2025-12-04T10:25:00,김동현,Ø0.75-14㎜(4)？월디아(I),A392-04282,669,,노즐 막힘,설비 조작으로 인한 절삭유 미토출 가공으로 DRILLBROKEN 발생
A3E00D-SM,DRA133,2025-12-04T10:25:00,김동현,Ø0.75-14㎜(4)？월디아(I),A392-04303,672,,노즐 막힘,설비 조작으로 인한 절삭유 미토출 가공으로 DRILLBROKEN 발생
A3E00T-SM,DRA35,2025-12-04T22:43:00,이영근,Ø0.45-7㎜(3)？월디아(I),A672-56093,F면 N27,,일반 파손,DRILL BROKEN 발생으로 점검 요청
A3E09F-SM,DRA100,2025-12-05T10:33:00,서동호,Ø0.45-7㎜(3)？월디아(I),A652-58359,32,,일반 파손,
B3E040-SM,DRA20,2025-12-08T05:33:00,신홍진,Ø0.75-10㎜(5)？월디아(I),A542-04739,B/F면 다수 발생,,일반 파손,스핀들 정도검사 후 정상가동
B3E015-SM,DRA65,2025-12-08T18:32:00,서동호,Ø0.75-10㎜(5)？월디아(I),A532-04671,273,,인버터 알람,스핀들 인버터알람발생으로 DRILL BROKEN발생
A3E00T-SM,DRA49,2025-12-12T01:45:00,서동호,Ø0.45-7㎜(3)？월디아(I),A452-54382,327,,일반 파손,
A3E0PJ-SM,DRA02,2025-12-12T11:07:00,김동명,Ø0.75-14㎜(4)？월디아(I),A383-04157,335,,일반 파손,
E3E007-SL,DRA47,2025-12-14T11:29:00,김동현,Ø0.40-6.5㎜(3)？월디아(I),A615-53978,691,,일반 파손,DRILLBROKEN 1회 발생
B3E0VD-SH,DRA69,2025-12-17T16:12:00,서동호,Ø0.45-7㎜(3)？월디아(I),A682-56461,363,,일반 파손,
B3E040-SM,DRA26,2025-12-18T10:29:00,서동호,Ø0.75-10㎜(5)？월디아(I),A532-04649,265,,노즐 막힘,절삭유 미토출현상으로 DRILL BROKEN발생.
A3E00T-SM,DRA56,2025-12-21T02:09:00,김동현,Ø0.45-7㎜(3)？월디아(I),A652-58377,132,,일반 파손,DRILLBROKEN 1회 발생
A4E001-SM,DRA146,2025-12-24T09:30:00,이영근,Ø0.75-14㎜(4)？월디아(I),A543-04895,F면 N157,,일반 파손,DRILL BROKEN발생 점검요청
A3E00T-SM,DRA27,2025-12-25T16:10:00,신홍진,Ø0.45-7㎜(3)？월디아(I),A704-59483,N1,,노즐 막힘,B면 CENTER DRILL SKIP 및 첫홀 BROKEN발생 Z축 확인 후 정상가동 진행예정
B3E015-SM,DRA13,2025-12-27T16:05:00,신홍진,Ø0.75-10㎜(5)？월디아(I),A732-05604,F면 N323,,노즐 막힘,절삭유 토출 미작동으로 인한 DRILLBROKEN 발생 설비점검 후 드릴교체 및 정상가동 진행예정
B3E040-SM,DRA17,2025-12-29T04:18:00,이영근,Ø0.45-7㎜(3)？월디아(I),A694-59428,B면 N752,,노즐 막힘,절삭유 미토출로 인한 DRILL BROKEN 발생
A4E001-SM,DRA138,2025-12-30T03:50:00,이영근,Ø0.75-14㎜(4)？월디아(I),A721-05139,F면 N12,,일반 파손,DRILL BROKEN 발생
A4E001-SM,DRA145,2026-01-01T15:30:00,서동호,Ø0.75-14㎜(4)？월디아(I),A533-04806,1,,일반 파손,
A3E09F-SM,DRA43,2026-01-05T06:37:00,서동호,Ø0.75-10㎜(5)？월디아(I),A735-05621,94,,일반 파손,
B3E040-SM,DRA08,2026-01-09T19:14:00,김동현,Ø0.45-7㎜(3)？월디아(I),A652-58341,153,,노즐 막힘,"절삭유 노즐 막힘으로 인한 절삭유 미토출 드릴 파손 발생,F면 N571 0.75-10 DRILL 파손"
A3E00T-SM,DRA42,2026-01-11T16:26:00,서동호,Ø0.45-7㎜(3)？월디아(I),A636-61170,2,,설비 이상,1/8일자 스핀들흔들림현상 발견
B3E040-SM,DRA54,2026-01-14T01:02:00,김동현,Ø0.75-10㎜(5)？월디아(I),A731-05452,407,,설비 이상,"DRILLBROKEN  발생, 스핀들 소음 및 발열"
E3E010-SL,DRA71,2026-01-18T01:30:00,서동호,Ø0.475-7㎜(3)？월디아(I),A212-45129,302,,인버터 알람,스핀들 인버터알람으로 인한 DRILL BROKEN발생
E3E010-SL,DRA33,2026-01-18T06:38:00,서동호,Ø0.475-7㎜(3)？월디아(I),A212-45137,4,,인버터 알람,스핀들 인버터 알람발생으로 인한 DRILL BROKEN발생
E3E010-SL,DRA71,2026-01-18T22:34:00,서동호,Ø0.475-7㎜(3)？월디아(I),A133-44463,287,,인버터 알람,스핀들 인버터알람 재발생으로 DRILL BROKEN발생
A4E609-SL,DRA143,2026-01-20T13:45:00,김동현,Ø0.45-11.5㎜(6.5) Union(S),FJJ61019-211,847,,일반 파손,DRILLBROKEN 발생
A3E09F-SM,DRA06,2026-01-21T08:54:00,김동현,Ø0.75-10㎜(5)？월디아(I),A733-05697,135,,노즐 막힘,절삭유 노즐 막힘으로 인한 미토출로 DRILLBROKEN 발생(설비 절삭유 압력 게이지 정상 수치)
B3E040-SM,DRA54,2026-01-22T04:12:00,김동명,Ø0.45-7㎜(3)？월디아(I),A663-58136,N117,,인버터 알람,스핀들 인버터 알람으로 인한 DRILL BROKEN 발생
A4E609-SL,DRA139,2026-01-23T02:38:00,이영근,Ø0.575-16㎜(8) Union(S),FH95P011-273,N673,,일반 파손,DRILL BROKEN 발생 특이사항 없음
A4E609-SL,DRA151,2026-01-23T09:16:00,이승범,Ø0.45-11.5㎜(6.5) Union(S),FJEWP011-029,N1628,,일반 파손,DRILL BROKEN 1회발생으로 설비점검 요청
A4E011-SM,DRA157,2026-01-23T18:48:00,이승범,Ø0.75-14㎜(4)？월디아(I),A393-04355,N71,,일반 파손,DRILLBROKEN 발생으로인한 설비점검 요청
A4E609-SL,DRA153,2026-01-23T19:22:00,서동호,Ø0.45-11.5㎜(6.5) Union(S),FJEWP011-024,"1,496.00",,일반 파손,
A4E643-SL,DRA148,2026-01-25T13:06:00,서동호,Ø0.375-11㎜(5) Union(S),FJF0A011-193,1,,드릴 혼입,드릴혼입으로 샹크부분 제품충돌발생
A4E643-SL,DRA149,2026-01-25T13:06:00,서동호,Ø0.375-11㎜(5) Union(S),FJFZ4011-053,1,,드릴 혼입,드릴혼입으로 샹크부분 제품충돌발생
A4E643-SL,DRA150,2026-01-25T13:07:00,서동호,Ø0.375-11㎜(5) Union(S),FJFZ4011-054,1,,드릴 혼입,드릴혼입으로 샹크부분 제품충돌발생
E3E010-SL,DRA104,2026-01-27T09:13:00,이영근,Ø0.475-7㎜(3)？월디아(I),A321-47569,F면 N202,,일반 파손,DRILL BROKEN 발생(특이 사항 없음)
A3E00T-SM,DRA120,2026-01-28T19:37:00,이영근,Ø0.45-7㎜(3)？월디아(I),A653-58069,F면 N149,,인버터 알람,DRILL BROKEN 발생 (특이 사항 : 스핀들 인버터 발생)
A3E09F-SM,DRA71,2026-01-30T16:22:00,김동현,Ø0.45-7㎜(3)？월디아(I),A641-60179,360,,인버터 알람,스핀들 인버터 알람으로 인한 DRILL BROKEN 발생(최근 인버터 알람 발생 이력 : 26.01.19 )
A3E00T-SM,DRA56,2026-02-02T14:44:00,백승윤,Ø0.45-7㎜(3)？월디아(I),A641-60188,하면 N294,,노즐 막힘,"드릴 BROKEN 노즐막힘,분사위치이상"
B3E040-SM,DRA132,2026-02-03T13:43:00,서동호,Ø0.75-10㎜(5)？월디아(I),A735-05635,772,,일반 파손,
B3E040-SM,DRA61,2026-02-07T13:57:00,이영근,Ø0.75-10㎜(5)？월디아(I),A883-07174,F면 N173,,노즐 막힘,DRILL BROKEN 발생 특이사항 : 전체 노즐 절삭유 미토출
A4E011-SM,DRA141,2026-02-07T22:28:00,김동현,Ø0.75-14㎜(4)？월디아(I),A753-06037,771,,일반 파손,DRILLBROKEN 발생
A4E001-SM,DRA94,2026-02-08T05:57:00,김동현,Ø0.45-7㎜(3)？월디아(I),A636-61173,1,,인버터 알람,"N44 인버터 알람 발생, 알람 조치 후 PM 점검 예정"
E3E010-SL,DRA33,2026-02-09T14:04:00,이영근,Ø0.475-7㎜(3)？월디아(I),A321-47565,B면 N520,,인버터 알람,"스핀들 인버터 알람으로 인한 DRILL BROKEN 발생, 특이 사항 : 스핀들 인버터 알람 발생"
A4E001-SM,DRA12,2026-02-14T06:49:00,이영근,Ø0.45-7㎜(3)？월디아(I),A636-61124,B면 N2,,노즐 막힘,DRILL BROKEN 발생 특이사항 : 절삭유 미토출
A4E001-SM,DRA77,2026-02-17T16:56:00,서동호,Ø0.75-14㎜(4)？월디아(I),C022-07677,881,,일반 파손,
E3E010-SL,DRA71,2026-02-19T15:43:00,이영근,Ø0.475-7㎜(3)？월디아(I),A321-47550,B면 N151,,인버터 알람,DRILL BROKEN 발생 특이사항 : 스핀들 인버터
E3E007-SL,DRA104,2026-02-20T08:28:00,백승윤,Ø0.40-6.5㎜(3)？월디아(I),A683-55580,상면 N341,,일반 파손,특이사항 없음
A3E00S-SH,DRA120,2026-02-22T23:09:00,서동호,Ø0.45-7㎜(3)？월디아(I),A631-60119,380,,일반 파손,
A4E001-SM,DRA147,2026-02-23T20:43:00,서동호,Ø0.75-14㎜(4)？월디아(I),A995-07863,233,,설비 이상,스핀들 회전불가 상태로 인한 DRILL BROKEN발생
A4E001-SM,DRA142,2026-02-27T02:33:00,백승윤,Ø0.75-14㎜(4)？월디아(I),C032-07722,상면 N762,,일반 파손,DRILL BROKEN 특이사항 없음
A3E0PJ-SM,DRA25,2026-02-27T03:33:00,백승윤,Ø0.75-14㎜(4)？월디아(I),A995-07894,상면 N217,,노즐 막힘,DRILL BROKEN 노즐 막힘
B3E086-SM,DRA64,2026-02-27T16:13:00,서동호,Ø0.75-14㎜(4)？월디아(I),C012-07904,147,,인버터 알람,스핀들 인버터 알람발생으로 인한 DRILL BROKEN발생
A3E09F-SM,DRA73,2026-02-27T18:30:00,서동호,Ø0.45-7㎜(3)？월디아(I),C121-63929,179,537.0,인버터 알람,스핀들 인버터 알람발생으로 인한 DRILL BROKEN발생
A3E00T-SM,DRA86,2026-02-28T04:15:00,이영근,Ø0.45-7㎜(3)？월디아(I),C121-63905,F면 N343,,일반 파손,DRILL BROKEN 발생 특이사항 : 없음
A3E00T-SM,DRA63,2026-03-01T13:11:00,서동호,Ø0.45-7㎜(3)？월디아(I),A643-61088,62,,인버터 알람,스핀들 인버터 알람으로 인한 DRILL BROKEN발생
A3E00T-SM,DRA63,2026-03-01T13:11:00,서동호,Ø0.45-7㎜(3)？월디아(I),A643-61088,62,,인버터 알람,스핀들 인버터 알람으로 인한 DRILL BROKEN발생
B3E086-SM,DRA72,2026-03-06T16:13:00,이영근,Ø0.75-14㎜(4)？월디아(I),C023-07962,F면 N149,,노즐 막힘,DRILL BROKEN 발생 특이사항 : 절삭유 토출부 막힘으로 DI 배출X
A3E00D-SM,DRA100,2026-03-07T05:39:00,서동호,Ø0.45-7㎜(3)？월디아(I),A923-61415,478,956.0,인버터 알람,스핀들 인버터 알람발생으로 인한 DRILL BROKEN
A4E001-SM,DRA144,2026-03-09T01:07:00,서동호,Ø0.75-14㎜(4)？월디아(I),C026-08103,740,,노즐 막힘,절삭유 미토출현상으로 DRILL BROKEN발생
B3E0VD-SH,DRA46,2026-03-09T02:20:00,서동호,Ø0.45-7㎜(3)？월디아(I),C212-65463,62,,일반 파손,
A3E0PJ-SM,DRA15,2026-03-11T15:47:00,서동호,Ø0.45-7㎜(3)？월디아(I),A636-61130,1,,일반 파손,
A3E00D-SM,DRA104,2026-03-11T15:55:00,이영근,Ø0.75-14㎜(4)？월디아(I),C033-08036,B면 N788 F면 N844,,인버터 알람,DRILL BROKEN 발생으로 점검 요청(특이 사항 : 스핀들 인버터 알람 발생으로 인한 DRILL BROKEN)
B3E015-SM,DRA13,2026-03-12T06:10:00,이영근,Ø0.75-10㎜(5)？월디아(I),A873-07064,B면 N612 F면 N492,,노즐 막힘,절삭유 미토출 발생으로 인한(노즐 4개)DRILL BROKEN 발생 : 특이사항 스핀들 인버터 알람 발생
A4E007-SM,DRA77,2026-03-13T02:36:00,이영근,Ø0.75-19㎜(5)？월디아(I),A752-05913,F면 N375,,일반 파손,DRILL BROKEN 발생 특이사항 없습니다.
E3E007-SL,DRA54,2026-03-13T18:40:00,서동호,Ø0.40-6.5㎜(3)？월디아(I),A676-55546,120,,인버터 알람,스핀들 인버터 알람으로 인한 DRILL BROKEN
A3E00D-SM,DRA49,2026-03-15T21:03:00,김동현,Ø0.75-14㎜(4)？월디아(I),C012-08013,789,,일반 파손,DRILLBROKEN 발생
E3E010-SL,DRA33,2026-03-18T16:27:00,이영근,Ø0.475-7㎜(3)？월디아(I),A212-45115,B면 N128,,인버터 알람,스핀들 인버터 알람 발생으로 인한 DRILL BROKEN 발생
A3E00D-SM,DRA121,2026-03-22T09:48:00,김동현,Ø0.75-14㎜(4)？월디아(I),A996-08370,815,,일반 파손,DRILLBROKEN 발생
E3E010-SL,DRA62,2026-03-22T10:48:00,김동현,Ø0.475-7㎜(3)？월디아(I),A212-45092,300,,노즐 막힘,절삭유 미토출로 인한 드릴 파손으로 공정기술그룹 확인 대기(2개중 2개 미토출)
A4E001-SM,DRA154,2026-03-23T08:52:00,서동호,Ø0.75-14㎜(4)？월디아(I),C023-07982,277,,일반 파손,
B3E0VD-SH,DRA64,2026-03-23T09:53:00,서동호,Ø0.45-7㎜(3)？월디아(I),A903-62161,280,,노즐 막힘,절삭유 미토출로 인한 DRILL BROKEN발생
A4E001-SM,DRA21,2026-04-01T03:35:00,서동호,Ø0.75-14㎜(4)？월디아(I),A996-08366,925,,일반 파손,
E3E010-SL,DRA43,2026-04-02T14:35:00,김동현,Ø0.475-7㎜(3)？월디아(I),C332-68700,4,,노즐 막힘,"노즐 미토출로 인한 드릴 파손발생으로 필터 및 노즐 교체, 절삭유 토출 확인 후 정상가동"
E3E010-SL,DRA43,2026-04-03T14:22:00,김동현,Ø0.475-7㎜(3)？월디아(I),C275-67877,468,,일반 파손,DRILLBROKEN 발생
A3E09F-SM,DRA71,2026-04-03T23:20:00,백승윤,Ø0.75-10㎜(5)？월디아(I),C043-08490,상면 N155,,일반 파손,DRILL BROKEN 발생 특이사항 없음
A4E001-SM,DRA124,2026-04-04T21:42:00,이영근,Ø0.75-14㎜(4)？월디아(I),C013-08328,F면 N838,,인버터 알람,DRILL BROKEN 발생 특이사항 : 스핀들 인버터 알람
E3E010-SL,DRA44,2026-04-06T19:05:00,서동호,Ø0.475-7㎜(3)？월디아(I),C275-68191,635,,노즐 막힘,절삭유 미토출로 인한 DRILL BROKEN발생
A3E00T-SM,DRA16,2026-04-08T18:56:00,이영근,Ø0.45-7㎜(3)？월디아(I),C234-66984,B면 N13,,일반 파손,DRILL BROKEN 발생 특이사항 없음
B3E0VD-SH,DRA93,2026-04-10T21:13:00,서동호,Ø0.45-7㎜(3)？월디아(I),C226-65414,45,,일반 파손,
E3E025-SL,DRA47,2026-04-11T04:23:00,서동호,Ø0.40-6.5㎜(3)？월디아(I),A683-55607,440,,인버터 알람,스핀들 인버터 알람으로 인한 DRILL BROKEN발생
A3E00T-SM,DRA28,2026-04-12T06:16:00,서동호,Ø0.45-7㎜(3)？월디아(I),C161-64071,108,,일반 파손,
A4E001-SM,DRA94,2026-04-12T09:43:00,김동현,Ø0.75-14㎜(4)？월디아(I),C045-08241,535,,일반 파손,DRILLBROKEN 발생
A3E0PG-SM,DRA99,2026-04-12T20:30:00,서동호,Ø0.45-7㎜(3)？월디아(I),C121-63920,162,923.0,일반 파손,
B3E0VD-SH,DRA35,2026-04-12T21:54:00,서동호,Ø0.45-7㎜(3)？월디아(I),A823-63598,19,,인버터 알람,스핀들 인버터알람으로 인한 DRILL BROKEN발생
A3E00T-SM,DRA46,2026-04-14T02:24:00,서동호,Ø0.45-7㎜(3)？월디아(I),C121-63927,5,,노즐 막힘,절삭유 미토출로 인한 DRILL BROKEN발생 (노즐교체 후 절삭유 순환진행)
A3E00S-SH,DRA121,2026-04-14T14:13:00,김동현,Ø0.45-7㎜(3)？월디아(I),C192-65188,128,,일반 파손,DRILLBROKEN 발생
A3E00S-SH,DRA127,2026-04-16T06:12:00,서동호,Ø0.45-7㎜(3)？월디아(I),C121-63925,10,,일반 파손,
A3E00T-SM,DRA94,2026-04-16T19:16:00,서동호,센터드릴 (MONO Dia) MTS,06M41121Z1-033,1,,설비 이상,스핀들 회전이 진행되지않아 DRILL BROKEN발생
A3E00T-SM,DRA100,2026-04-16T20:43:00,이영근,Ø0.45-7㎜(3)？월디아(I),C161-64063,319,,일반 파손,DRILL BROKEN 발생 특이사항 없음
A3E09F-SM,DRA36,2026-04-17T13:28:00,서동호,Ø0.45-7㎜(3)？월디아(I),C151-63969,14,42.0,일반 파손,
A3E00T-SM,DRA51,2026-04-17T13:28:00,서동호,Ø0.45-7㎜(3)？월디아(I),C192-65167,316,,일반 파손,
B3E0VD-SH,DRA44,2026-04-18T15:54:00,서동호,Ø0.45-7㎜(3)？월디아(I),C121-63879,342,,일반 파손,
A3E0PJ-SM,DRA28,2026-04-19T02:08:00,김동현,Ø0.75-14㎜(4)？월디아(I),C196-10287,150,,노즐 막힘,"노즐 4개소 미토출로 DRILLBROKEN 발생, 노즐 및 필터 교체 후 절삭유 순환 진행중"
B3E147-SH,DRA21,2026-04-20T11:22:00,이영근,Ø0.45-7㎜(3)？월디아(I),C192-65155,210,,노즐 막힘,DRILL BROKEN 발생 특이사항 : 노즐 3개 막힘
A4E001-SM,DRA137,2026-04-21T01:26:00,안덕근,Ø0.75-14㎜(4)？월디아(I),A996-08348,108,,일반 파손,DRILL BROKEN
A3E00S-SH,DRA90,2026-04-24T15:48:00,김동현,Ø0.45-7㎜(3)？월디아(I),C212-65459,126,718.2,일반 파손,DRILLBROKEN 발생
A4E001-SM,DRA152,2026-04-27T23:02:00,이영근,Ø0.75-14㎜(4)？월디아(I),C196-10282,459,,일반 파손,DRILL BROKEN 발생 특이사항 : 없음
A4E001-SM,DRA150,2026-04-28T13:06:00,서동호,Ø0.75-14㎜(4)？월디아(I),C203-10203,88,,일반 파손,
B3E086-SM,DRA105,2026-04-29T22:55:00,이영근,Ø0.75-14㎜(4)？월디아(I),C203-10202,153,,노즐 막힘,DRILL BROKEN 발생 특이사항 : 노즐 3개 막힘
A3E00S-SH,DRA116,2026-05-01T23:03:00,김동현,Ø0.45-7㎜(3)？월디아(I),C192-65190,312,,일반 파손,DRILLBROKEN 발생
C3E01S-SH,DRA137,2026-05-03T20:22:00,김동현,Ø0.475-7㎜(3)？월디아(I),C411-71419,411,,드릴 부적합,DRILLBROKEN 발생
C3E01S-SH,DRA147,2026-05-04T05:44:00,김동현,Ø0.475-7㎜(3)？월디아(I),C414-71478,"2,652.00",,드릴 부적합,DRILLBROKEN 발생
A3E09F-SM,DRA36,2026-05-04T15:33:00,백승윤,Ø0.45-7㎜(3)？월디아(I),C122-64555,264,,일반 파손,드릴 브로큰 발생 특이사항없음
E3E010-SL,DRA117,2026-05-06T23:24:00,서동호,Ø0.475-7㎜(3)？월디아(I),C411-71418,730,,드릴 부적합,
A4E001-SM,DRA68,2026-05-08T09:37:00,김대진,Ø0.75-14㎜(4)？월디아(I),C196-10269,709,,노즐 막힘,노즐 1개 막힘
A3E00S-SH,DRA107,2026-05-09T13:37:00,김동현,센터드릴 (MONO Dia) MTS,06M60120Z1-032,406,,노즐 막힘,"절삭유 미토출로 인한 DRILLBROKEN 발생, 절삭유 순환 후 정상가동 예정"
A3E00S-SH,DRA16,2026-05-09T13:51:00,김동현,Ø0.45-7㎜(3)？월디아(I),C161-64011,471,,일반 파손,DRILLBROKEN 발생
A3E09F-SM,DRA48,2026-05-10T15:48:00,서동호,Ø0.75-10㎜(5)？월디아(I),C223-10621,156,,노즐 막힘,절삭유 미토출로 인한 DRILL BROKEN발생
A4E067-SL,DRA152,2026-05-11T01:28:00,이영근,Ø0.45-7㎜(3)？월디아(I),C121-63941,573,,일반 파손,DRILL BROKEN 발생 특이사항 : 없음
C3E01S-SH,DRA52,2026-05-11T04:22:00,이영근,Ø0.475-7㎜(3)？월디아(I),C414-71497,852,,드릴 부적합,DRILL BROKEN 발생 특이사항 : 없음
A3E0PG-SM,DRA101,2026-05-13T03:56:00,김동현,Ø0.45-7㎜(3)？월디아(I),C226-65403,55,,일반 파손,DRILL BROKEN발생
E3E010-SL,DRA115,2026-05-14T02:02:00,김동현,Ø0.475-7㎜(3)？월디아(I),C414-71508,764,,드릴 부적합,DRILLBROKEN 발생
A3E00T-SM,DRA46,2026-05-15T18:42:00,백승윤,센터드릴 (MONO Dia) MTS,06M51216Z1-033,151,,일반 파손,DRILL BROKEN 특이사항없음
A3E00D-SM,DRA120,2026-05-18T03:35:00,서동호,Ø0.75-14㎜(4)？월디아(I),C193-10164,554,,일반 파손,
A3E00D-SM,DRA62,2026-05-19T10:36:00,김대진,Ø0.75-14㎜(4)？월디아(I),C333-12158,75,,노즐 막힘,"노즐 2개 중 1개 막힘,  노즐 교체 후 절삭유 순환중"
E3E010-SL,DRA115,2026-05-20T18:51:00,김동현,Ø0.475-7㎜(3)？월디아(I),C414-71509,575,,드릴 부적합,DRILLBROKEN 발생
A3E09F-SM,DRA133,2026-05-22T03:50:00,이영근,Ø0.45-7㎜(3)？월디아(I),C491-74716,32,96.0,노즐 막힘,DRILL BROKEN 발생 특이사항 : 노즐 3개 막힘
A4E001-SM,DRA154,2026-05-22T13:02:00,서동호,Ø0.75-14㎜(4)？월디아(I),C305-11955,911,,노즐 막힘,절삭유 미토출로 인한 DRILL BROKEN발생
A3E09F-SM,DRA08,2026-05-22T16:34:00,서동호,Ø0.45-7㎜(3)？월디아(I),C494-74780,1,,노즐 막힘,절삭유 미토출로 인한 DRILL BROKEN발생
E3E010-SL,DRA90,2026-05-23T10:52:00,서동호,Ø0.475-7㎜(3)？월디아(I),C411-71436,110,627.0,드릴 부적합,
E3E010-SL,DRA53,2026-05-23T10:53:00,서동호,Ø0.475-7㎜(3)？월디아(I),C411-71438,629,,드릴 부적합,
E3E010-SL,DRA59,2026-05-23T10:54:00,서동호,Ø0.475-7㎜(3)？월디아(I),C411-71437,297,,드릴 부적합,
E3E010-SL,DRA104,2026-05-24T04:31:00,이영근,Ø0.475-7㎜(3)？월디아(I),C414-71494,549,,드릴 부적합,"DRILL BROKEN 발생 특이 사항 : 일반 파손, 스핀들 교체 후 5회 발생 2024-08-13 직전 파손일 2026-03-11"
E3E010-SL,DRA74,2026-05-24T09:19:00,서동호,Ø0.475-7㎜(3)？월디아(I),C414-71491,18,102.6,드릴 부적합,
E3E010-SL,DRA96,2026-05-24T13:25:00,서동호,Ø0.475-7㎜(3)？월디아(I),C414-71498,799,,노즐 막힘,절삭유 미토출로 인한 DRILL BROKEN발생
E3E010-SL,DRA84,2026-05-24T15:40:00,서동호,Ø0.475-7㎜(3)？월디아(I),C414-71495,320,,드릴 부적합,
E3E010-SL,DRA107,2026-05-24T18:22:00,서동호,Ø0.475-7㎜(3)？월디아(I),C414-71501,921,,드릴 부적합,
E3E010-SL,DRA77,2026-05-24T19:35:00,서동호,Ø0.475-7㎜(3)？월디아(I),C414-71490,484,,드릴 부적합,
B3E018-SM,DRA88,2026-05-27T16:33:00,이영근,Ø0.75-10㎜(5)？월디아(I),C236-10835,314,,인버터 알람,DRILL BROKEN 발생 특이사항 스핀들 인버터 알람 발생
E3E010-SL,DRA77,2026-05-29T21:01:00,서동호,Ø0.475-7㎜(3)？월디아(I),C512-72968,1,,드릴 부적합,
A4E067-SL,DRA151,2026-05-30T20:15:00,서동호,Ø0.45-7㎜(3)？월디아(I),C226-65394,713,,노즐 막힘,절삭유 미토출로 인한 DRILL BROKEN발생
E3E010-SL,DRA43,2026-05-30T20:41:00,서동호,Ø0.475-7㎜(3)？월디아(I),C524-73343,278,,드릴 부적합,
E3E010-SL,DRA112,2026-05-31T15:46:00,김동현,Ø0.475-7㎜(3)？월디아(I),C524-73331,111,,드릴 부적합,DRILLBROKEN 발생
E3E010-SL,DRA82,2026-05-31T16:52:00,김동현,Ø0.475-7㎜(3)？월디아(I),C524-73313,369,,드릴 부적합,"0.475 LOT성 파손 발생, 엔지니어 확인 대기"
A3E00T-SM,DRA118,2026-06-01T03:29:00,서동호,Ø0.45-7㎜(3)？월디아(I),C435-72018,313,,드릴 부적합,
A3E00T-SM,DRA124,2026-06-01T13:05:00,김동현,Ø0.45-7㎜(3)？월디아(I),C234-66986,356,,일반 파손,DRILLBROKEN 발생
A3E00T-SM,DRA104,2026-06-02T02:49:00,이영근,Ø0.45-7㎜(3)？월디아(I),C234-66964,80,,일반 파손,스핀들 교체 후 DRILL BROKEN 6회 발생 특이사항 없음
A3E00D-SM,DRA65,2026-06-02T19:05:00,김동현,Ø0.75-14㎜(4)？월디아(I),C333-12201,7,93.8,일반 파손,DRILLBROKEN 발생
A4E067-SL,DRA151,2026-06-06T08:35:00,김동현,Ø0.75-19㎜(5)？월디아(I),C225-10903,671,,노즐 막힘,"절삭유 미토출로인한 DRILLBROKEN 발생, 절삭유 순환 후 정상가동 예정"
A3E00T-SM,DRA57,2026-06-08T03:22:00,김동현,Ø0.45-7㎜(3)？월디아(I),C212-65466,287,,노즐 막힘,"노즐막힘으로인한 DRILLBROKEN발생, 절삭유 토출 워밍업 진행중"
A4E067-SL,DRA135,2026-06-10T01:57:00,서동호,Ø0.45-7㎜(3)？월디아(I),C491-74742,264,,일반 파손,
A3E00T-SM,DRA35,2026-06-10T09:34:00,이영근,Ø0.45-7㎜(3)？월디아(I),C491-74754,31,176.7,일반 파손,DRILL BROKEN 발생 특이사항 : 없음
A3E00T-SM,DRA57,2026-06-10T22:58:00,서동호,Ø0.45-7㎜(3)？월디아(I),C491-74758,29,,일반 파손,
A3E00T-SM,DRA05,2026-06-12T00:57:00,서동호,Ø0.45-7㎜(3)？월디아(I),C492-74677,1,,노즐 막힘,절삭유 미토출로 인한 DRILL BROKEN발생
A3E00T-SM,DRA71,2026-06-12T02:05:00,서동호,Ø0.45-7㎜(3)？월디아(I),C474-74080,20,,일반 파손,
E3E010-SL,DRA104,2026-06-13T16:28:00,김대진,Ø0.475-7㎜(7) Union(S),FHSGX011-032,459,,노즐 막힘,"노즐로 인한 DRILL BROKEN, 절삭유 정상 토출 순환 후 정상가동 예정"
A3E09F-SM,DRA67,2026-06-15T10:46:00,서동호,Ø0.45-7㎜(3)？월디아(I),C632-75550,197,,일반 파손,
A3E0PJ-SM,DRA04,2026-06-15T22:34:00,이영근,Ø0.45-7㎜(3)？월디아(I),C361-69178,15,30.0,일반 파손,DRILL BROKEN 발생 특이사항 없음
E3E011-SL,DRA54,2026-06-18T14:13:00,서동호,Ø0.475-7㎜(7) Union(S),FHSGX011-034,123,,일반 파손,
E3E011-SL,DRA54,2026-06-20T18:22:00,백승윤,Ø0.475-7㎜(7) Union(S),FHSGY011-101,175,,일반 파손,특이사항 없습니다.
A3E00T-SM,DRA23,2026-06-20T18:23:00,백승윤,Ø0.45-7㎜(3)？월디아(I),C474-74043,169,,노즐 막힘,노즐막힘으로 인한DRILL BROKEN
B3E0VD-SH,DRA85,2026-06-21T16:52:00,이영근,Ø0.45-7㎜(3)？월디아(I),C686-81283,171,974.7,일반 파손,DRILL BROKEN 발생 특이사항 : 없음
C3E01S-SH,DRA86,2026-06-22T05:43:00,서동호,Ø0.475-7㎜(7) Union(S),FHFWQ012-129,444,,일반 파손,
A3E09F-SM,DRA88,2026-06-22T23:02:00,서동호,Ø0.45-7㎜(3)？월디아(I),C691-79224,335,,일반 파손,
A3E09F-SM,DRA87,2026-06-22T23:03:00,서동호,Ø0.458-7㎜(3) 월디아(I),C691-79277,164,,일반 파손,
A4E011-SM,DRA116,2026-06-22T23:04:00,서동호,Ø0.75-14㎜(4)？월디아(I),C462-13935,292,,일반 파손,
A3E114-SL,DRA156,2026-06-23T03:30:00,김동현,Ø0.45-11.5㎜(6.5) Union(S),FJEWV011-112,536,,일반 파손,DRILLBROKEN 발생
E3E011-SL,DRA69,2026-06-23T03:52:00,김동현,Ø0.475-7㎜(7) Union(S),FHSGY011-098,537,,일반 파손,DRILL BROKEN 발생
A3E0PJ-SM,DRA05,2026-06-23T13:01:00,김대진,Ø0.75-14㎜(4)？월디아(I),C285-11901,182,,노즐 막힘,절삭유 노즐 4개 중 4개 막힘
A3E114-SL,DRA152,2026-06-23T14:21:00,김동현,Ø0.45-11.5㎜(6.5) Union(S),FJEWV011-114,392,,일반 파손,DRILLBROKEN 발생
A3E203-SL,DRA147,2026-06-23T15:50:00,김동현,Ø0.45-11.5㎜(6.5) Union(S),FJEWV011-113,"1,581.00",,일반 파손,DRILLBROKEN 발생
A3E0PG-SM,DRA56,2026-06-24T13:49:00,김동현,Ø0.45-7㎜(3)？월디아(I),C651-75884,6,,일반 파손,DRILLBROKEN 발생
B3E0VD-SH,DRA94,2026-06-26T05:46:00,백승윤,Ø0.45-7㎜(3)？월디아(I),C691-79260,78,,일반 파손,DRILL BROKEN 특이사항없음
A3E00T-SM,DRA71,2026-06-28T02:02:00,이영근,Ø0.45-7㎜(3)？월디아(I),C654-75981,164,934.8,일반 파손,DRILL BROKEN 발생 특이사항 : 없음
A4E031-SL,DRA156,2026-06-28T10:55:00,서동호,Ø0.75-19㎜(5)？월디아(I),C146-09723,590,,일반 파손,
B3E0VD-SH,DRA119,2026-06-28T11:03:00,서동호,Ø0.45-7㎜(3)？월디아(I),C654-75997,99,,인버터 알람,스핀들 인버터 알람발생으로 인한 DRILL BROKEN발생
A3E09F-SM,DRA05,2026-06-29T01:00:00,백승윤,Ø0.75-10㎜(5)？월디아(I),C342-12094,189,,노즐 막힘,절삭유 미토출로 인한 DRILL BROKEN발생
A3E00T-SM,DRA120,2026-06-29T05:30:00,백승윤,Ø0.45-7㎜(3)？월디아(I),C654-75986,307,,인버터 알람,스핀들 인버터알람 발생으로 인한 DRILL BROKEN발생
A3E00T-SM,DRA111,2026-06-29T05:33:00,백승윤,Ø0.45-7㎜(3)？월디아(I),C654-75977,16,91.2,노즐 막힘,절삭유 노즐1개 미토출로 인하여 노즐 세척 후 정상가동 예정입니다.
A3E00D-SM,DRA90,2026-07-01T13:42:00,백승윤,Ø0.75-14㎜(4)？월디아(I),C462-13892,927,12421.8,노즐 막힘,DRILL BROKEN(노즐막힘)
A3E00D-SM,DRA101,2026-07-01T18:47:00,백승윤,Ø0.75-14㎜(4)？월디아(I),C462-13905,37,495.8,일반 파손,DRILL BROKEN발생(일반 파손)
A4E031-SL,DRA84,2026-07-01T19:15:00,백승윤,Ø0.75-19㎜(5)？월디아(I),C355-12682,703,27278.7,일반 파손,DRILLBROKEN 발생(일반파손)
A3E09F-SM,DRA37,2026-07-01T22:28:00,김동현,Ø0.458-7㎜(3) 월디아(I),C651-75870,332,996.0,일반 파손,DRILLBROKEN 발생
A3E00D-SM,DRA91,2026-07-02T02:19:00,김동현,Ø0.75-14㎜(4)？월디아(I),C462-13923,304,4073.6,노즐 막힘,"노즐 막힘으로 인한 DRILLBROKEN 발생, 절삭유 순환 진행중"
A4E067-SL,DRA77,2026-07-02T03:55:00,김동현,Ø0.75-19㎜(5)？월디아(I),C355-12680,372,34412.08,일반 파손,DRILL BROKEN 발생
A3E09F-SM,DRA92,2026-07-03T11:08:00,이영근,Ø0.458-7㎜(3) 월디아(I),C691-79231,22,4434.0,일반 파손,DRILL BROKEN 발생 특이사항 없음
A3E00T-SM,DRA37,2026-07-04T01:07:00,서동호,Ø0.45-7㎜(3)？월디아(I),C654-75973,298,1698.6,일반 파손,
A3E00T-SM,DRA11,2026-07-04T16:53:00,이영근,Ø0.45-7㎜(3)？월디아(I),C632-75564,336,37186.8,일반 파손,DRILL BROKEN 발생 특이사항 없음
A3E00T-SM,DRA57,2026-07-07T02:24:00,서동호,Ø0.45-7㎜(3)？월디아(I),C552-75448,19,3836.3,일반 파손,
A3E00T-SM,DRA81,2026-07-09T03:43:00,이영근,Ø0.45-7㎜(3)？월디아(I),C686-81292,346,1972.2,일반 파손,DRILL BROKEN 발생 특이사항 없음
A3E00T-SM,DRA37,2026-07-09T16:22:00,서동호,Ø0.45-7㎜(3)？월디아(I),C651-75918,224,8732.8,일반 파손,
A3E00T-SM,DRA123,2026-07-11T11:23:00,서동호,Ø0.458-7㎜(3) 월디아(I),C096-78711,36,11125.2,일반 파손,
B3E147-SH,DRA98,2026-07-12T18:05:00,서동호,Ø0.45-7㎜(3)？월디아(I),C673-80939,219,5397.9,일반 파손,
E3E011-SL,DRA54,2026-07-13T23:08:00,김동현,Ø0.475-7㎜(7) Union(S),FHSGX011-029,691,37634.7,일반 파손,"DRILL BROKEN발생 (이전 이력 : 6.18, 6.20, 6.29)"
A3E00T-SM,DRA66,2026-07-15T21:28:00,서동호,Ø0.45-7㎜(3)？월디아(I),C701-79301,282,45287.4,인버터 알람,스핀들 인버터알람으로 인한 DRILL BROKEN발생
E3E010-SL,DRA63,2026-07-16T03:46:00,서동호,Ø0.475-7㎜(7) Union(S),FHU05011-433,517,19978.5,일반 파손,
A3E00T-SM,DRA04,2026-07-16T06:23:00,서동호,Ø0.45-7㎜(3)？월디아(I),C564-79405,13,2148.9,일반 파손,
E3E011-SL,DRA102,2026-07-16T14:11:00,백승윤,Ø0.475-7㎜(7) Union(S),FHU05012-448,627,37637.1,노즐 막힘,DRILL BROKEN 절삭유 미토출
E3E011-SL,DRA112,2026-07-16T14:16:00,백승윤,Ø0.475-7㎜(7) Union(S),FHSGX012-042,408,47854.8,노즐 막힘,DRILL BROKEN 절삭유 미토출
E3E011-SL,DRA100,2026-07-17T07:41:00,서동호,Ø0.475-7㎜(7) Union(S),FHU03019-363,88,51229.2,일반 파손,
A3E00T-SM,DRA133,2026-07-18T19:05:00,김동현,Ø0.45-7㎜(3)？월디아(I),C871-82651,78,2519.4,일반 파손,DRILLBROKEN 발생
A4E076-SM,DRA151,2026-07-19T03:29:00,서동호,Ø0.75-14㎜(4)？월디아(I),C462-13924,87,88587.4,일반 파손,
A3E00T-SM,DRA52,2026-07-20T11:03:00,김동현,Ø0.45-7㎜(3)？월디아(I),C683-81224,36,2280.0,일반 파손,DRILLBROKEN 발생
A3E00T-SM,DRA129,2026-07-20T22:59:00,이영근,Ø0.45-7㎜(3)？월디아(I),C673-80925,58,6555.0,일반 파손,DRILL BROKEN 발생으로 인한 PM요청 특이사항 없음
A3E09F-SM,DRA124,2026-07-21T03:25:00,백승윤,Ø0.75-10㎜(5)？월디아(I),C333-11975,1,82563.6,일반 파손,DRILL BROKEN 발생 특이사항 없음
A3E00T-SM,DRA134,2026-07-22T06:20:00,이영근,Ø0.458-7㎜(3) 월디아(I),C564-79381,70,2583.0,노즐 막힘,DRILL BROKEN 발생 (특이사항: 노즐 막힘 2개)
A3E09F-SM,DRA124,2026-07-22T08:51:00,서동호,센터드릴 (MONO Dia) MTS,06M60224Z1-015,1,35539.0,인버터 알람,스핀들 인버터알람으로 인한 DRILL BROKEN발생
A3E09F-SM,DRA92,2026-07-27T22:54:00,서동호,Ø0.458-7㎜(3) 월디아(I),C874-82720,203,609.0,일반 파손,
A3E09F-SM,DRA14,2026-07-29T01:07:00,서동호,Ø0.75-10㎜(5)？월디아(I),C552-15626,290,2436.0,일반 파손,
E3E025-SL,DRA51,2026-07-30T03:39:00,서동호,Ø0.40-6.5㎜(3)？월디아(I),C252-66279,282,4810.8,일반 파손,
A3E00T-SM,DRA53,2026-07-30T23:01:00,서동호,Ø0.45-7㎜(3)？월디아(I),C951-83307,12,68.4,일반 파손,
